uniqueID,aphID,idsComments
Abbott1957,EZ5,
Abbott1886,JLJ,
Abbott1891,JLL,
Abbott1877,JNT,
Abbott1869,JLM,
Abbott1859,JYU,
Abel1939,JLN,
Abetz1958,N26,
Adams1951,BV5,
Adams1943,E4Q,
Adamson1857,JZ2,
Adermann1927,ID4,
Adermann1896,JLR,
Ahern1871,JLS,
Albanese1963,R36,
Aldred1945,KD4,
Alexander1951,M3M,
Allan1916,JLT,
Allen1966,282986,
Allison1946,1M6,
Alston1941,LD4,
Aly1967,13050,
Amour1900,JZH,
AndersonCharles1897,JLU,
AndersonGordon1897,JLV,
Anderson1956,4K4,
Anderson1909,JZQ,
Andren1946,KL6,
Andrew1866,JZW,
Andrew1944,HE4,
Andrews1960,230886,
Andrews1955,HK5,
Andrews1900,JLW,
Anning1949,273829,
Anstey1865,JLY,
Anthony1897,JLZ,
Anthony1929,BU4,
Anthony1961,XJ6,
Antic1974,269375,
Arbib1971,HES,
Archer1929,IE4,
Archer1975,282237,
Archer1871,JM2,
Archibald1852,JM8,
Arkins1888,K08,
Armitage1920,JM9,
Armstrong1909,JMA,
Armstrong1908,K0C,
Arnold1902,K0N,
Arthur1875,JMB,
Arthur1883,K0P,
Arthur1918,JMC,
Ashley1881,K0W,
AshleyBrown1915,JME,
Askew1963,281558,
Aston1916,JMF,
Atkinson1867,JMG,
Atkinson1948,JMI,
Aulich1945,JE4,
Aylett1900,K0Z,
Ayres,16913,
Back1950,J7Q,
Badman1885,JNM,
Bailey1946,JT4,
Baillieu1937,JNO,
Baird1942,MP6,
Baker1903,JNP,
Baker1873,JNR,
Baker1958,DYK,
Baker1841,L2E,
Bakhap1866,K18,
Baldwin1951,MD4,
Baldwin1955,LL6,
Bamford1849,JNV,
Bandidt1906,JNZ,
Bandt1972,M3C,
Banks1962,18661,
Barker1846,K1I,
Barnard1890,JNX,
Barnard1919,JO8,
Barnes1901,JOA,
Barnes1868,K1L,
Barnett1962,00AUF,
Barresi1955,ZJ6,
Barrett1858,K1O,
Bartlett1964,DT6,
Bartlett1949,0K6,
Barton1849,009LR,
Barwell1877,K1P,
Barwick1903,126,
Batchelor1865,JOC,
Bate1906,JOE,
Baume1930,LE4,
Baume1935,ME4,
Bayley1882,JOG,
Beahan1937,NE4,
Beale1934,OE4,
Beale1898,JOI,
Beard1866,JOK,
Beasley1895,JOM,
Beaton1925,JOO,
Beazley1948,PE4,
Beazley1917,JF7,
Beck1882,JOQ,
Beddall1948,QE4,
Beerworth1886,K1Q,
Bell1968,282981,
Bell1872,JOS,
Bell1950,7U4,
Benn1897,K1T,
Bennett1933,JOU,
Bennett1872,JOW,
Bennett1874,JOY,
Benny1869,K1W,
Benson1909,JP5,
Berinson1932,JP8,
Bernardi1969,G0D,
Berry1907,JPA,
Bessell1923,K1X,
Best1856,JPC,
Bevis1955,ET4,
Bidgood1959,HVM,
Billson1966,1K6,
Bilney1939,RE4,
Bilyk1959,HZB,
Bird1906,JPE,
Bird1962,DZP,
Birmingham1974,H6X,
Birney1928,JPG,
Birrell1913,JPJ,
Bishop1942,SE4,
Bishop1956,83P,
Bishop1913,K1Y,
Bishop1954,2L6,
BjelkePetersen1920,ND4,
Black1952,TE4,
Blackburn1889,JPL,
Blackburn1880,JPN,
Blacklow1879,JPP,
Blackwood1861,JPR,
Blain1894,JPT,
Blakeley1886,JPV,
Blakey1879,K22,
Blanchard1929,UE4,
Bland1882,JQ7,
Blewett1933,VE4,
Blundell1871,JQ9,
Blunt1951,WE4,
Bolkus1950,XE4,
Bolton1860,K2C,
Bonner1922,0V4,
Bonnett1916,JQB,
Bonython1848,JR7,
Bosman1924,JR9,
Bostock1892,JRB,
Boswell1940,YE4,
Bourchier1929,JRD,
Bourke1913,JRF,
Bourne1954,TW4,
Bowden1871,JRH,
Bowden1888,JRJ,
Bowen1973,DZS,
Bowen1922,ZE4,
Bowen1911,JRN,
Boyce1951,H6V,
Boyd1867,JRP,
Bradbury1976,HVW,
Braddon1829,JRR,
Bradfield1933,JRU,
Bradford1946,FT4,
Bragg1984,256063,
Braithwaite1933,0F4,
Brand1873,K2F,
Brand1888,JS7,
Brandis1957,008W7,
Branson1918,K2I,
Breen1898,JS9,
Breen1902,K2W,
Brennan1873,JSC,
Brennan1866,K2Z,
Brereton1946,5T4,
BridgesMaxwell1929,JSE,
Briggs1977,IYU,
Brimblecombe1898,JSG,
Broad1975,30379,
Broadbent1950,MT4,
Brockman1970,30484,
Brodtmann1963,30540,
Brough1961,2K6,
Brown1963,F49,
Brown1894,JSI,
Brown1885,K6P,
Brown1931,OD4,
Brown1843,JSK,
Brown1940,PD4,
Brown1933,5A5,
Brown1944,QD4,
Brown1861,JSM,
Brown1920,K3A,
Brownbill1914,JSO,
Browne1924,JSQ,
Brownhill1935,RD4,
Bruce1884,JSS,
Bruce1883,F4B,
Brumby1953,1F4,
Bryant1914,JSU,
Bryson1898,JSW,
Buchanan1905,JSY,
Buchholz1968,230531,
Buckland1947,009D2,
Bull1905,K3J,
Bullock1955,243237,
Bungey1934,JT9,
Bunton1902,K3N,
Burchell1883,JTC,
Burke1966,83S,
Burke1969,DYW,
Burke1910,JTF,
Burney1957,8GH,
Burns1929,2F4,
Burns1869,JTI,
Burns1987,278522,
Burns1933,JTM,
Burr1939,3F4,
Burston1948,207807,
Bury1913,JTP,
Bushby1965,HLL,
Butler1970,HWK,
Butler1977,248006,
Buttfield1912,K3O,
Button1932,4F4,
Buzacott1867,K3Q,
Byrne1962,008K0,
Byrne1910,K3R,
Cadman1937,SD4,
Cairns1914,1V4,
Cairns1929,JTS,
Calder1916,JTW,
Calvert1940,5F4,
Calwell1896,BV8,
Cameron1895,JTY,
Cameron1913,2V4,
Cameron1857,K3S,
Cameron1878,L8E,
Cameron1900,JU8,
Cameron1879,JUB,
Cameron1917,JUF,
Cameron1940,9F4,
Cameron1914,K3T,
Cameron1851,JUJ,
CameronDouglas1951,AI6,
CameronEoin1951,6V5,
Cameron1930,AF4,
Cameron1938,BF4,
Cameron1873,JVZ,
Cameron1935,K3V,
Cameron1965,3K6,
Campbell1943,NB5,
Campbell1939,CF4,
Campbell1959,H15,
Campbell1972,HWC,
Canavan1980,245212,
Cann1871,JW6,
Cant1907,K3W,
Carige1938,JW8,
Carlton1935,DF4,
Carpenter1863,JWA,
Carr1875,JWC,
Carr1955,AW5,
Carr1947,WX4,
Carrick1918,2U4,
Carroll1872,K3X,
Casey1890,JWE,
Cash1919,JWK,
Cash1970,I0M,
Cass1927,JNG,
Catley1942,NT4,
Catts1877,JWO,
Causley1940,4K6,
Cavanagh1913,K6F,
Chalmers1978,37998,
Chamarette1948,SN5,
Chamberlain1884,K6H,
Chambers1897,JWR,
Champion1972,HW9,
Chandler1990,264449,
Chaney1914,JWV,
Chaney1941,EF4,
Chanter1845,JWY,
Chapman1864,JX7,
Chapman1949,FF4,
Chapman1879,K6I,
Charles1948,GF4,
Charles1936,OT4,
Charleston1848,K6J,
Charlesworth1952,TD4,
Charlton1866,JXA,
Chataway1864,K6L,
Cheeseman1976,HW7,
Cherry1965,00A9C,
Chester1967,IPZ,
Chesters1980,249710,
Chifley1885,A48,
Child1921,HF4,
Childs1934,IF4,
Chipp1925,3V4,
Chisholm1978,39801,
Chresby1908,JUN,
Christensen1978,230485,
Chynoweth1941,JF4,
Ciccone1983,281503,
Ciobo1974,00AN0,
Clare1972,HWL,
Clarey1890,JUP,
Clark1897,JUQ,
Clarke1857,JUU,
Clasby1891,JUY,
Clay1900,JYJ,
Claydon1964,248181,
Clayton1942,JYK,
Cleary1952,BO5,
Cleaver1917,JYO,
Cleeland1938,KF4,
Clemons1862,K6M,
Clothier1877,K6N,
Coates1944,LF4,
Cobb1950,00AN1,
Cobb1945,MF4,
Cockle1908,JZG,
Cohen1935,NF4,
Cohen1918,K6R,
Coker,263547,
Colbeck1958,00AOL,
Cole1908,K6W,
Colebatch1872,K7F,
Coleman1974,241067,
Coleman1892,JZK,
Coleman1931,5V4,
Coleman1928,4V4,
Coles1892,JZO,
Collard1912,JZX,
Collard1936,K7H,
Collett1877,K7M,
Collings1865,K7P,
Collins1962,GB6,
Collins1971,HWM,
Collins1878,K07,
Collins1946,OF4,
Collins1886,K0D,
Colston1938,PF4,
Comber1919,K0I,
Combet1958,YW6,
Conaghan1971,279991,
Conelan1895,K0K,
Connelly,282984,
Connolly1939,QF4,
Connor1907,K0O,
Conquest1930,K17,
Conroy1864,K4E,
Conroy1979,249127,
Conroy1963,3L6,
Considine1885,K4F,
HumeCook1866,K4I,
Cook1860,F4S,
Cook1943,RF4,
Cook1868,K4M,
Cooke1904,JQN,
Cooke1938,K4O,
Cooke1847,K4P,
Coon1869,K5J,
Coonan1947,2M6,
Cooney1934,SF4,
Cooper1888,JQP,
Cope1907,K5L,
Corbett1906,K5O,
Corboy1896,K5P,
Corcoran1951,009CW,
Cormack1906,JQQ,
Cormann1970,HDA,
Corser1882,K6Q,
Corser1852,K6S,
Costa1900,K6T,
Costello1957,CT4,
Cotter1935,K6U,
Cotton1915,JQR,
Coulter1930,TF4,
Coulton1958,HWN,
Courtenay1879,JQW,
Courtice1885,JQY,
Courtice1950,UF4,
Courtnay1903,K6V,
Coutts1908,K6X,
Cowan1926,VF4,
Cox1863,JRT,
Cox1954,83U,
Cramer1897,K7J,
Crane1941,UW4,
Crawford1947,WF4,
Crawford1865,JRW,
Crean1916,JAG,
Crean1949,DT4,
Cremean1907,K7O,
Crewther1983,248969,
CrichtonBrowne1944,XF4,
Critchley1892,JSB,
Croft1871,JTH,
Crook1959,M3K,
Crosio1939,7T4,
Cross1929,YF4,
Crossin1956,7Y6,
Crouch1868,K7U,
Crowley1938,ZF4,
Cruickshank1853,K7X,
Culleton1964,266482,
Culley1877,K7Z,
Culpin1846,K87,
Cunningham1939,0G4,
Cunningham1879,JTK,
Cunningham1889,K88,
Curtin1898,K8B,
Curtin1885,009FQ,
Cusack1868,K8G,
DAth1970,HVN,
Daly1912,6V4,
Daly1891,JTL,
Danby1955,WF6,
Dankel1864,KC9,
Darcey1870,JTR,
Dargavel1966,KP6,
Darling1936,UD4,
Dastyari1983,225099,
Davey1972,281697,
Davidson1897,KCA,
Davidson1915,JTT,
Davies1919,KCB,
Davies1884,KCC,
Davis1900,KCD,
Dawkins1947,5A5,
Dawson1863,JTV,
Day1952,HYG,
deLargie1859,JU7,
Deahm1938,LV5,
Deakin1856,009MD,
Dean1942,KCE,
Dean1913,LLW,
Debus1943,8IS,
Dedman1896,KCF,
Dein1889,JUD,
Denman1937,FY5,
Dennis1870,KCH,
Devereux1946,1G4,
Devine1923,KCI,
Devitt1921,JUH,
Devlin1926,JUI,
Devlin1898,JUL,
DiNatale1970,53369,
Dick1972,53517,
Dittmer1904,JUM,
Dobie1927,3G4,
Dobson1841,JVC,
Dodd1953,EV5,
Dodson1948,SR5,
Dondas1939,5M6,
Dooley1884,JVF,
Downer1951,4G4,
Downer1910,KCK,
Downer1843,JVG,
Doyle1922,KCL,
Drake1850,JXO,
DrakeBrockman1884,JXP,
DrakeBrockman1919,JXR,
Drakeford1878,KCM,
Draper1959,0L6,
Dreyfus1956,HWG,
Drum1960,56430,
Drummond1890,KCS,
Drummond1931,KCT,
Drury1912,JXX,
Drury1911,KCU,
Dubois1940,5G4,
Duffy1938,6G4,
Duncan1945,7G4,
Duncan1883,JXZ,
DuncanHughes1882,JY7,
Duniam1982,263418,
Dunn1887,JYB,
Dunn1948,3K4,
Durack1926,8G4,
Duthie1912,KDA,
Dutton1970,00AKI,
Earle1865,JYF,
Easson1955,RU5,
Edmonds1903,KDB,
Edwards1855,KDD,
Edwards1946,83R,
Edwards1927,9G4,
Edwards1842,KDF,
Edwards1945,AG4,
Edwards1962,225307,
Eggins1898,KDH,
Eggleston1941,4L6,
Einfeld1909,KDI,
Eldridge1872,KDJ,
Ellicott1927,YF6,
Elliot1967,DZW,
Elliott1878,JYG,
Elliott1884,JYH,
Elliott1954,6T4,
Ellis1946,5K6,
Ellis1977,DZU,
Ellison1954,9X5,
Elson1947,6K6,
Elstob1924,JYI,
Emerson1954,83V,
Enderby1926,8H7,
England1911,KDN,
Entsch1950,7K6,
Erwin1917,KDO,
Evans1958,AX5,
Evans1944,VD4,
Evans1928,JYL,
EvansMartyn1953,N36,
EvansRichard1953,3V5,
Evans1981,61378,
Evatt1894,DTN,
Everett1917,JYN,
Everingham1923,KDP,
Everingham1943,7R5,
Ewert1918,KDQ,
Ewing1870,JYQ,
Ewing1856,KDR,
Fadden1894,F4T,
Fahey1945,HQ5,
Failes1899,KDS,
Fairbairn1917,KDT,
Fairbairn1855,JYR,
Fairbairn1897,KEM,
Fairhall1909,KEN,
Falconer1943,KEO,
Falinski1970,G86,
Falkinder1921,KEP,
Falkiner1867,KES,
Falstein1914,KEU,
Farmer1962,00AMO,
Farrell1954,I0N,
Faruqi1963,250362,
Fatin1941,WD4,
Faulkner1954,5K4,
Fawcett1963,DYU,
Feeney1970,I0O,
Fenton1864,KEV,
Ferguson1943,EP5,
Ferguson1830,JYS,
Ferguson1952,8T4,
Ferguson1953,LS4,
Ferguson1974,DYH,
Ferricks1875,JYT,
Ferris1941,5L6,
Field1910,JYW,
Fielding1960,E4R,
FierravantiWells1960,E4T,
Fife1929,CG4,
Fifield1967,D2I,
Filing1955,QT4,
Findley1864,JYX,
Finlay1887,JZ8,
Finlayson1867,KEX,
Fischer1946,DG4,
Fisher1862,F4N,
Fisher1962,HBE,
Fisher1936,EG4,
Fisken1897,KEZ,
Fitzgerald1910,JZB,
Fitzgibbon1936,FG4,
Fitzgibbon1962,8K6,
FitzPatrick1915,KFB,
Fleming1874,KFC,
Fletcher1965,L6B,
Flint1978,245550,
Foley1872,KFF,
Foll1890,JZD,
Forbes1923,KFH,
Ford1936,RT4,
Forde1890,F4U,
Foreman1933,GG4,
Forrest1847,KFJ,
Forrest1949,NV5,
Forshaw1952,656,
Foster1872,KFN,
Foster1884,KKH,
Foster1921,KFO,
Foster1856,KFP,
Fowler1865,JWG,
Fox1912,JWI,
Foxton1849,JWJ,
Francis1881,JWN,
Francis1873,JWQ,
Francis1890,JWT,
Fraser1892,KKJ,
Fraser1902,JWU,
Fraser1889,KKR,
Fraser1908,JWX,
Fraser1930,QS4,
Fraser1832,KKL,
Frazer1880,JX9,
Free1943,HG4,
Freelander1953,265979,
Freeth1914,JXI,
Frost1882,JXL,
Fry1920,JXQ,
Frydenberg1971,FKL,
Fuller1893,JYV,
Fuller1861,JZF,
Fulton1909,JZP,
Furner1958,I0P,
Fysh1835,JZT,
Gabb1882,K0A,
Gaha1894,K0E,
Gair1901,KKP,
Gallacher1954,204953,
Gallagher1970,ING,
Gallus1943,CU4,
Galvin1911,K97,
Gambaro1958,9K6,
Gander1888,K9A,
Garden1882,K9C,
Gardiner1867,KKZ,
Gardner1884,K9H,
Garland1934,K9L,
Garling1870,KL7,
Garrett1953,HV4,
Garrick1918,L6X,
Gash1944,AK6,
Gayler1943,PG4,
Gear1947,QG4,
Gee1968,261393,
Gellibrand1872,K9S,
Georganas1959,DZY,
George1947,JH5,
Georges1920,7V4,
Georgiou1974,269583,
Georgiou1947,HM5,
Gerick1963,83W,
Gibb1843,KAN,
Gibbons1887,KAQ,
Gibbons1949,83X,
Gibbs1947,6L6,
Gibbs1879,KLP,
Gibbs1922,KAR,
Gibson1935,KAU,
Gibson1936,BX5,
Gibson1954,ST4,
Gibson1869,KAY,
Gichuhi1962,270552,
Gietzelt1920,RG4,
Giles1973,243609,
Giles1923,KB8,
Giles1928,XG4,
Gillard1961,83L,
Gillard1920,KBE,
Gillespie1957,72184,
Gilmore1908,KBF,
Givens1864,KLS,
Glasgow1876,KLU,
Glassey1844,KLW,
Glynn1855,KCO,
Goodenough1975,74046,
Goodluck1933,XD4,
Gordon1865,KCP,
Gorman1984,74519,
Gorman1926,YG4,
Gorton1911,KH5,
Gosling1971,245392,
Gould1847,KLZ,
Grace1931,ZG4,
Grace1940,ML6,
Graham1919,KCQ,
Graham1867,KMI,
Grant1878,KMK,
Grant1888,KMN,
Grant1857,KMP,
Grassby1926,8V4,
Gray1958,8W5,
Gray1908,KF5,
Gray1840,KMT,
Grayden1920,KF8,
Green1869,KF9,
Green,283595,
Green1885,KFA,
Greenup1902,KFD,
Greenwood1926,KMX,
Gregory1860,KFE,
Greig1966,86X,
Grierson1951,00AMP,
Griff1957,76760,
Griffin1960,VU5,
Griffiths1952,0H4,
Griffiths1903,KFG,
Griggs1969,220370,
Grimes1937,9V4,
Groom1852,KFI,
Groom1867,KFK,
Groom1944,QK5,
Groom1833,KFL,
Guilfoyle1926,C7D,
Gullett1914,KFQ,
Gullett1878,KFS,
Gun1936,KFU,
Guthrie1872,KN7,
Guthrie1856,KNB,
Guy1860,KNN,
Guy1890,KFW,
Haase1945,84T,
Hadley1893,KFX,
Haines1961,282335,
Haines1945,1H4,
Halbert1910,KFZ,
Hale1969,HWD,
Hall1874,L6Z,
Hall1949,83N,
Hall1928,2H4,
Hallett1917,KGA,
Halverson1937,3H4,
Hamer1923,4H4,
Hamilton1899,KGC,
Hammond1968,80072,
Hammond1975,80109,
Hampson1864,L77,
Hand1942,5H4,
Handby1903,KGF,
Hannaford1903,KNR,
Hannan1910,KNU,
Hannan1873,KGG,
Hansen1922,KGH,
Hanson1954,BK6,
HansonYoung1981,I0U,
Hardgrave1960,CK6,
Harding1921,KGL,
Hardy1898,KNZ,
Harney1865,KO8,
Harper1842,KNI,
Harradine1935,6H4,
Harris1937,KNK,
Harris1890,232369,
Harris1943,8HC,
Harrison1903,KNM,
Harrison1880,KNT,
Harrison1892,KNX,
Hart1960,263070,
Hartnoll1841,KNY,
Hartsuyker1959,00AMM,
Harvey1946,7H4,
Haslem1939,KOB,
Hasluck1905,ZL6,
Hastie1982,260805,
Hatton1951,LN6,
Haviland1952,TU5,
Hawke1977,HWO,
Hawke1929,YD4,
Hawker1894,KOC,
Hawker1949,8H4,
Haworth1905,KGP,
Hay1865,KGV,
Hayden1933,RK4,
Hayes1955,ECV,
Hayes1868,KOF,
Haylen1898,KGX,
Hays1869,KOJ,
Hearn1921,KOM,
Heatley1920,KOO,
Hedges1856,KGZ,
Heffernan1943,C16,
Heitmann1878,KH8,
Henderson1857,KOS,
Henderson1964,ZN4,
Hendrickson1897,KOU,
Hendy1962,00BCM,
Henry1946,E0L,
Henty1903,KOW,
Henzell1948,ZU5,
Herron1932,VW4,
Hewson1914,KHA,
Hewson1946,9H4,
Hicks1940,AH4,
Higgins1851,KHC,
Higgs1862,KHE,
Hill1960,,Hill doesn't have one as she didn't become a senator even though she won the vote.
Hill1973,86256,
Hill1946,BH4,
Hill1866,KHG,
Hinch1944,2O4,
Hoare1874,KOZ,
Hoare1963,83Y,
Hockey1965,DK6,
Hodges1937,00ATA,
Hodgman1938,BV4,
Hogan1963,218019,
Hogg1949,7L6,
Holder1850,KHI,
Holding1931,CH4,
Hollis1938,DH4,
Holloway1875,KHL,
Holman1871,KHO,
Holt1908,009MC,
Holt1914,KHQ,
Holten1922,KHS,
Horne1939,UU5,
Howard1939,ZD4,
Howarth1972,247742,
Howe1936,EH4,
Howe1861,KHU,
Howroyd1867,KHW,
Howse1913,KHY,
Howse1863,KI7,
Howson1919,0095J,
Hughes,273828,
Hughes1923,IIS,
Hughes1862,DQC,
Hull1954,83O,
Hulls1957,TT4,
Hulme1907,KIF,
Hume1971,266499,
Humphreys1934,FH4,
Humphries1958,KO6,
Hunt1965,00AMV,
Hunt1928,GH4,
Hunter1882,KIO,
Hurford1931,AV4,
Hurley1955,E4U,
Hurry1868,KIR,
Husar1980,263328,
Husic1970,91219,
Hutchin1887,KIU,
Hutchins1956,84P,
Hutchinson1965,212585,
Hutchinson1904,KIX,
Hutchison1859,KJ8,
Hyde1936,9W4,
Innes1925,KJA,
Irons1958,HYM,
Irvine1856,KJC,
Irvine1858,KJE,
Irwin1951,83Z,
Irwin1898,KJG,
Isaacs1855,KJI,
Jack1892,KJK,
Jackson1889,KJM,
Jackson1962,00AN2,
Jacobi1928,CV4,
Jakobsen1947,0E4,
James1914,KJO,
James1885,KJQ,
Jarman1923,KJU,
Jeanes1958,EK6,
Jenkins1925,DRW,
Jenkins1952,HH4,
Jenkins1938,IH4,
Jennings1878,KK7,
Jensen1962,DYN,
Jensen1865,KK9,
Jess1922,KKB,
Jessop1927,KKD,
Johns1952,JH4,
Johnson1889,K9G,
Johnson1929,K9J,
Johnson1924,K9M,
Johnson1970,00AMX,
Johnson1943,K9O,
Johnson1862,K99,
Johnson1871,K9R,
Johnston1956,00AON,
Johnston1880,KP8,
Johnston1930,K9V,
Johnston1943,NL6,
Jolley1874,KA7,
Jolly1882,KA9,
Jones1944,KAB,
JonesBarry1932,KH4,
Jones1917,KDV,
Jones1960,96430,
JonesGerry1932,LH4,
Jones1878,KDW,
Jones1965,A9B,
Joshua1906,KDX,
Joske1895,KDY,
Jowett1858,KDZ,
Joyce1967,E5D,
Jull1944,MH4,
KakoschkeMoore1985,265982,
Kane1908,KPA,
Katter1945,HX4,
Katter1918,1V5,
Katz1887,KPC,
Keane1881,KE4,
Kearney1963,LTU,
Kearney1903,KE7,
Keating1872,KPE,
Keating1944,NH4,
Keay1975,262273,
Keeffe1919,KPG,
Keenan1972,E0J,
Kekwick1910,KE8,
Kelly1912,009MM,
Kelly1963,99931,
Kelly1954,FK6,
Kelly1964,GK6,
Kelly1960,HRI,
Kelly1948,OH4,
Kelly1877,KEA,
Kemp1944,WW4,
Kemp1941,BT4,
Kendall1899,KPI,
Kendell1851,KEB,
Keneally1968,LNW,
Kennedy1940,KEC,
Kennedy1860,KED,
Kennelly1900,KPK,
Kent1927,PH4,
KentHughes1895,KEE,
Keogh1931,KEI,
Keogh1981,249147,
Keon1915,KEJ,
Kerby1885,KEK,
Kerin1937,QH4,
Kernot1948,XW4,
Kerr1952,RH4,
Ketter1961,244247,
Khalil1973,101351,
Kilgariff1923,KPO,
Killen1925,4U4,
Killen1860,KEQ,
King1966,00AMR,
King1973,102376,
King1952,00AMQ,
King1920,KET,
Kingsmill1864,KPQ,
Kingston1850,KEW,
Kirk1967,00AOO,
Kirwan1937,KGN,
Kirwan1869,KYR,
Kitching1970,247512,
Klugman1924,SH4,
Kneebone1876,KPT,
Knight1943,KPV,
Knott1956,GV5,
Knowles1951,TH4,
Knox1850,KYT,
Kroger1959,G1N,
Lacey1887,KZ6,
Lacey1900,KPZ,
Lajovic1921,KQD,
Lamb1939,JG4,
Lamb1972,265975,
Lambert1881,KZ8,
Lambie1971,250026,
Laming1966,E0H,
Lamond1865,KZC,
Lamp1895,KQF,
Landry1962,249764,
Lane1873,KZF,
Lang1876,KZJ,
Langmore1939,KG4,
Langtry1880,KZN,
Large1878,KQH,
Latham1882,KQL,
Latham1877,KZO,
Latham1961,K26,
Laucke1914,KQN,
Laught1907,KQQ,
Laundy1971,247130,
Lavarch1961,LG4,
Lavelle1887,KZU,
Lawler1961,834,
Lawrence1948,XS4,
Lawrence1906,KZW,
Lawrie1907,KQV,
Lawson1880,KZX,
Lawson1875,KQZ,
Lawson1897,KZZ,
Lazarus1965,108616,
Lazzarini1894,L07,
Leckie1872,KR9,
Lee1856,L0R,
Lee1920,L0U,
Lee1957,MG4,
Lees1948,8U4,
Leeser1976,109556,
Leigh1972,BU8,
Lemmon1908,L0X,
Leslie1900,L19,
Lewis1882,L1C,
Lewis1932,NG4,
Ley1961,00AMN,
Ley1879,L1G,
Leyonhjelm1952,111206,
Liddell1862,L1H,
Lieberman1938,XU5,
Lightfoot1936,WP6,
Lillico1905,KRG,
Lindgren1969,258337,
Lindsay1942,OG4,
Lindsay1944,HK6,
Lindsay1905,L1I,
Lines1953,112096,
Lister1875,L1J,
Little1914,KRU,
Littleproud1976,265585,
Liu1964,282918,
Livermore1969,83A,
Livingston1856,KI9,
Lloyd1937,2E4,
Lloyd1954,IK6,
Long1870,KRX,
Long1885,KIB,
Lonsdale1843,KIC,
Loosley1952,BS4,
Luchetti1904,KID,
Luck1900,KIE,
Lucock1916,KIH,
Ludlam1970,I07,
Ludwig1959,84N,
Lundy1967,7G6,
Lusher1945,KIK,
Lynch1862,KIL,
Lynch1867,KRZ,
Lynch1933,KIM,
Lyne1844,KIN,
Lyons1897,J7U,
Lyons1953,M38,
Lyons1879,F4O,
MacDonald1892,KS7,
Macdonald1945,YW4,
Macdonald1954,CX5,
MacDonald1880,KS9,
MacdonaldPaterson1844,KIQ,
Macfarlane1955,WN6,
Macfarlane1844,KSH,
MacGibbon1934,YH4,
Mack1933,AT4,
Mackay1872,KIT,
Mackay1919,KIW,
Mackay1960,9L6,
Mackellar1844,KSJ,
MacKellar1938,0I4,
MacKenzie1941,KKT,
Mackinnon1903,KKU,
Macklin1953,PG6,
Macklin1943,2I4,
Macphee1938,6I4,
MacTiernan1953,L6P,
Madigan1966,217571,
Maguire1945,7I4,
Maher1891,KSL,
Maher1936,GP4,
Mahon1857,KLB,
Mahoney1892,KLC,
Mahony1877,KLG,
Maisey1915,KLJ,
Makin1889,KLL,
Maloney1854,KLM,
Manifold1867,KMM,
Mann1874,KMQ,
Manning1872,KMS,
Marek1964,LK6,
Margetts1955,DX5,
Marino1954,HWP,
Marks1875,KMU,
Markus1958,E07,
Marles1967,HWQ,
Marr1880,KMW,
Marriott1913,KSN,
Marshall1960,00AOP,
Martens1874,KMZ,
Martin1977,282982,
Martin1948,8I4,
Martin1960,275266,
Martin1920,KN9,
Martyr1932,KNA,
Marwick1895,KNC,
Mason1962,84M,
Mason1926,L8O,
MassyGreene1874,KNF,
Matheson1861,KSQ,
Matheson1958,M2V,
Mathews1935,KOE,
Mathews1865,KNH,
Mattner1893,KSS,
Mauger1857,KNJ,
Maughan1863,KSU,
Maunsell1922,KSW,
Maxwell1859,KNP,
May1950,83B,
Mayer1932,KOH,
McAllister1973,121628,
McArthur1937,VH4,
McAuliffe1918,KSY,
McBride1975,248353,
McBride1892,KOL,
McCall1908,KOQ,
McCallum1892,KT8,
McCarthy1970,122087,
McCay1864,KPM,
McClelland1926,KTA,
McClelland1875,KPN,
McClelland1915,5U4,
McClelland1958,JK6,
McColl1844,KQ4,
McColm1914,KQJ,
McCormack1964,219646,
McDonald1888,KQK,
McDonald1861,KQP,
McDonald1872,KQS,
McDonald,123072,
McDougall1857,KTD,
McDougall1946,KK6,
McDougall1867,KQT,
McEacharn1852,KQU,
McEwen1954,E5E,
McEwen1900,009MB,
McFarlane1944,83C,
McGauran1957,WH4,
McGauran1955,XH4,
McGowan1953,123674,
McGrath1872,KRD,
McGrath1974,217241,
McGregor1848,KTF,
McGuren1909,KRF,
McHugh1887,KTH,
McHugh1934,ZH4,
McHugh1892,KRH,
McIntosh1925,KTJ,
McIntosh1977,281513,
McIvor1900,KRK,
McKellar1903,KTL,
McKenna1895,KTN,
McKenzie1969,207825,
McKenzie1933,232251,
McKew1953,BP4,
McKiernan1944,1I4,
McKim1965,JKM,
McKissock1872,KTP,
McLachlan1872,KTR,
McLachlan1936,HT4,
McLachlan1870,KTX,
McLaren1921,KTZ,
McLean1840,KRO,
McLean1863,KRP,
McLean1937,3I4,
McLean1944,KRR,
McLeay1892,KUA,
McLeay1893,KSC,
McLeay1922,KSB,
McLeay1945,4I4,
McLeod1892,KSD,
McLucas1958,84L,
McMahon1930,KSF,
McMahon1967,282728,
McMahon1908,009MA,
McManus1905,KUD,
McMillan1850,L2G,
McMullan1947,5I4,
McMullin1900,KUH,
McNamara1964,241589,
McNeill1868,JT7,
McNeill1921,JT8,
McNicoll1877,JTB,
McTiernan1892,JUR,
McVeigh1930,JUS,
McVeigh1965,125865,
McWilliams1856,JUV,
Melham1954,4T4,
Melzer1926,KUJ,
Menzies1894,N76,
Messner1939,9I4,
Mildren1932,AI4,
Miles1947,BI4,
Millar1925,CI4,
Millen1860,KUL,
Millen1877,KUP,
Milliner1911,KUS,
Milne1953,KA5,
Milton1928,DI4,
Minchin1953,JX4,
Minogue1893,JUX,
Mirabella1968,00AMU,
Missen1925,KUU,
MitchellBrian1967,129164,
MitchellRobert1967,M3E,
Molan1950,FAB,
Moloney1876,L4X,
Monaghan1921,JV8,
Mooney1880,KUY,
Moore1956,00AOQ,
Moore1936,EI4,
Morgan1881,JV9,
Morgan1897,JVA,
Morris1940,FI4,
Morris1936,GI4,
Morris1903,KV9,
Morris1932,HI4,
Morrison1968,E3L,
Morrison1928,009DB,
Morrow1888,KVB,
Mortimer1912,JVB,
Morton1981,265931,
Mossfield1935,MK6,
Mountford1933,JVD,
Mountjoy1906,JVH,
Moylan1944,4V5,
Muir1980,250024,
Mulcahy1882,JVJ,
Mulcahy1850,KVD,
Mulder1928,JVK,
Mulino1969,132880,
Mullan1871,KVH,
Mullens1896,JVM,
Mulvihill1919,KVK,
Munro1930,JVO,
Murphy1950,83D,
Murphy1922,1L5,
Murphy1973,133646,
Murphy1952,FX5,
Murray1947,3M6,
Murray1915,JVQ,
Murray1906,JXC,
Mutch1956,NK6,
Nairn1951,OK6,
Nairn1879,JVR,
Nash1965,E5G,
Nash1890,JXE,
Neal1963,B36,
Neal1947,JXG,
Needham1872,JXJ,
Negus1912,JXM,
Nehl1934,AE4,
Neil1944,JVS,
Neild1846,JXT,
Nelson1958,RW5,
Nelson1881,JVT,
Nelson1908,JVU,
Nettle1973,00AOR,
Neumann1961,HVO,
Neville1940,KV5,
Newell1952,9U4,
Newlands1864,JXV,
Newman1937,BE4,
Newman1933,JVV,
Nicholls1917,K4U,
Nicholls1885,K4W,
Nicholls1894,JY6,
Nikolic1961,137174,
Nixon1928,009OD,
Nock1879,K4X,
Nott1888,K4Y,
Nugent1938,UT4,
OBrien1951,8O6,
OBrien1972,265991,
OBrien1926,K4Z,
OBrien1974,138932,
OByrne1912,JYA,
OByrne1968,84S,
OChee1965,EU4,
OConnor1962,00AN3,
OConnor1947,WU5,
OConnor1851,JYD,
OConnor1910,K58,
ODowd1950,139441,
ODwyer1977,LKU,
OFlaherty1886,JYY,
OHalloran1893,JZ6,
OKeefe1864,JZ9,
OKeefe1912,K5A,
OKeefe1947,CE4,
OLoghlin1852,JZC,
OMalley1854,K5D,
ONeil1980,140590,
ONeil1937,DE4,
ONeill1961,140651,
OSullivan1957,247871,
OSullivan1986,283585,
OSullivan1900,JZI,
OToole1956,249908,
Oakes1861,JZM,
Oakeshott1969,IYS,
Ogden1868,JZR,
Oldmeadow1924,KM8,
Olley1927,KM9,
Olsen1945,DU4,
Opperman1904,KMB,
Orchard1871,KMC,
Organ1956,BNL,
Ormonde1901,JZU,
Osborne1909,KMD,
Owens1958,E09,
Ozanne1877,KXN,
Page1880,C7E,
Page1861,KXO,
Palmer1859,KXP,
Palmer1954,LQR,
Paltridge1910,JZY,
Panizza1931,JI4,
Parer1936,KI4,
Parke1966,HWR,
Parkhill1879,KXQ,
Parry1960,E5V,
Parsons1881,KXR,
Pasin1977,240756,
Paterson1844,KXS,
Paterson1987,144138,
Paterson1882,KXT,
Patrick1967,114292,
Patten1859,KXU,
Patterson1944,LI4,
Patterson1927,KXV,
Payne1982,144732,
Payne1866,K09,
Payne1964,M56,
Peacock1939,MI4,
Pearce1963,A8W,
Pearch1967,282306,
Pearce1870,K0F,
Pearce1917,KXW,
Pearsall1920,KXX,
Pearson1905,K0L,
Peris1971,CDK,
Perkins1878,KXY,
Perrett1966,HVP,
Peters1897,KXZ,
Pettitt1910,KY7,
Phelps1957,008Z0,
Phillips,147140,
Phillips1855,KY8,
Piesse1900,K0Q,
Piesse1848,KY9,
Pigott1866,KYA,
Pitt1969,148150,
Pittard1902,KYB,
Plain1868,K0S,
Playford1837,K0X,
Plibersek1969,83M,
Poke1906,K19,
Pollard1894,KYC,
Polley1957,E5X,
Porter1970,208884,
Porter1950,NI4,
Poulter1913,K1B,
Powell1942,OI4,
Power1883,K1D,
Poynton1853,KYD,
Poyser1915,K1F,
Pratt1972,I0T,
Pratt1948,PI4,
Pratten1899,KYE,
Pratten1865,K1J,
Prentice1953,217266,
Price1892,KYG,
Price1882,KYH,
Price1945,QI4,
Price1963,249308,
Primmer1924,K1M,
Prosser1948,RI4,
Prowse1905,K1R,
Prowse1871,KYI,
Pulsford1844,K1U,
Punch1957,SI4,
Puplick1948,TI4,
Pyne1967,9V5,
Quick1941,AV5,
Quick1852,KYJ,
Quirke1950,ZS6,
Rae1860,K1Z,
Rae1932,CAK,
Raguse1960,HVQ,
Ramsey1956,HWS,
Randall1953,PK6,
Rankin1908,K28,
Rankin1887,K2A,
Ray1947,UI4,
Rea1963,HVR,
Ready1878,K2D,
Reeves1952,KYP,
Reid1886,K2G,
Reid1933,K2J,
Reid1845,F4P,
Reid1916,KYQ,
ReidMargaret1935,VI4,
Reid1856,K2L,
ReidNicholas1935,VT4,
Reid1842,K2Q,
Reith1950,WI4,
Rennick1970,283596,
Reynolds1923,KYS,
Reynolds1965,250216,
Reynolds1941,XI4,
Rhiannon1951,CPR,
Rice1960,155410,
Richardson1949,4E4,
Richardson1958,E0B,
Richardson1939,KYU,
Ridgeway1962,8G6,
Ridley1909,K2N,
Riggall1941,WT4,
Riley1859,KYV,
Riley1892,KYX,
Riordan1886,KYZ,
Riordan1930,KZ7,
Riordan1908,KZ9,
Ripoll1966,83E,
Rishworth1978,HWA,
Robb1951,FU4,
Robert1970,HWT,
Roberton1900,KZE,
Roberts1869,KZG,
Roberts1955,266524,
Robertson1882,K2S,
Robertson1929,k2U,
Robinson1877,K2X,
Robinson1872,KZH,
Robinson1929,KZL,
Robinson1927,YI4,
Robinson1907,K37,
Rocher1936,ZI4,
Rodgers1875,KZT,
Ronald1861,KZV,
Ronaldson1954,XT4,
Rosevear1892,L08,
Rowe1872,L0B,
Rowell1851,K3B,
Rowland1971,159771,
Roxon1967,83K,
Roy1990,M2X,
Rudd1957,83T,
Ruddock1943,0J4,
Russell1907,L0D,
Russell1890,L0F,
Russell1878,K3E,
Russell1842,K3G,
Ruston1963,243273,
Ryan1961,249224,
Ryan1890,K3I,
Ryan1884,L0G,
Ryan1973,I0Q,
Ryan1942,GD5,
Ryan1876,L0H,
Ryrie1865,L0I,
Saffin1954,HVY,
Sainsbury1940,L0J,
Salmon1861,L0K,
Sampson1882,K3L,
Sampson1863,L0P,
Sanders1932,1J4,
Sandford1895,K4S,
Santoro1956,BOT,
Sargood1834,K54,
Saunders1855,K5B,
Saunderson1948,2J4,
Sawers1844,KPX,
Sawford1944,3J4,
Sayers1845,K5F,
Scarr1969,282997,
Schacht1946,4J4,
Scholes1931,5J4,
Scholfield1894,KQ8,
Schultz1939,83Q,
Sciacca1947,6J4,
Scott1943,YT4,
Scott1920,K5H,
Scott1977,165476,
Scott1934,7J4,
Scott1947,8J4,
Scott1910,K5K,
Scullin1876,F4Q,
Scullion1956,00AOM,
Scully1890,KQB,
Seabrook1867,KQW,
Secker1956,848,
Senior1850,K5R,
Sercombe1949,QK6,
Seselja1977,HZE,
Seward1884,K5T,
Sexton1905,KQY,
Shack1953,9J4,
Shannon1862,K5V,
Sharkie1972,265980,
Sharma1975,274506,
Sharp1954,AJ4,
Sharpe1868,KR8,
Shaw1913,KRC,
Sheehan1885,K5X,
Sheehan1891,KRE,
Sheehy1899,KRI,
Sheil1929,BJ4,
Sheldon1961,168275,
Sherrington1902,K5Z,
Sherry1955,ZW4,
Sherry1924,L8C,
Shipton1936,CJ4,
Short1936,DJ4,
Short1956,9V8,
Shorten1967,00ATG,
Sibraa1937,EJ4,
Siddons1927,EVL,
Sidebottom1951,849,
Siewert1961,E5Z,
Sim1917,K69,
Simmonds1985,282983,
Simmonds1889,K6B,
Simmons1947,FJ4,
Simms1984,170166,
Simon1936,KRM,
Simpkins1964,HWE,
Sinclair1864,KRN,
Sinclair1929,5E4,
Singh1972,M0R,
Sinodinos1957,BV7,
Skene1845,KRQ,
Slipper1950,0V5,
Smith1881,KRT,
Smith1950,SK6,
Smith1967,00APG,
Smith1851,KTT,
Smith1970,276714,
Smith1969,241710,
Smith1986,281603,
SmithMiles1869,K6D,
Smith1939,JV5,
Smith1955,5V5,
Smith1856,L2I,
Smith1954,GJ4,
SmithWilliam1869,KTU,
Smyth1959,5B6,
Smyth1976,172770,
Snedden1926,DQF,
Snow1934,HJ4,
Snowdon1950,IJ4,
Solomon1839,KTV,
Solomon1931,KU8,
Solomon1853,KU9,
Somlyay1946,ZT4,
Southcott1967,TK6,
Sowada1961,VC5,
Spence1846,KUF,
Spender1975,244276,
Spender1935,JJ4,
Spender1897,KUG,
Spicer1899,K6Z,
Spindler1932,0X4,
Spooner1891,KUN,
Spooner1897,K7A,
Spurr1897,KUO,
StClair1949,84B,
StJohn1916,KUR,
StLedger1859,K78,
Stacey1879,KUW,
Staley1939,GY5,
Stanley1961,265990,
Staples1947,KJ4,
Steedman1943,PI5,
SteeleJohn1994,250156,
Steggall1974,175696,
Stephens1954,00AOS,
Sterle1960,E68,
Stevens1983,176304,
Stewart1923,KUX,
Stewart1884,KV7,
Stewart1850,K7D,
Stewart1885,KV8,
Stoker1982,237920,
Stokes1906,KVG,
Stone1929,LJ4,
Stone1951,EM6,
Storer1969,275424,
Storrer1854,KVJ,
Story1857,K7L,
StottDespoja1969,3I6,
Street1926,KVM,
Street1894,KVN,
Stumm1853,KVO,
Styles1841,K7R,
Sudmalis1955,241586,
Sukkar1981,242515,
Sullivan1929,KVQ,
Sullivan1950,HVS,
Sullivan1942,3.00E+04,
Swan1954,2V5,
Swanson1970,264170,
Swartz1911,KVR,
Symon1846,K7V,
Symon1965,HW8,
Synon1959,FQ6,
Tambling1943,6E4,
Tangney1907,K7Y,
Tanner1956,YU5,
Tate1894,K89,
Tate1945,NJ4,
Taylor1966,231027,
Taylor1938,OJ4,
Tchen1941,86Y,
Teague1944,PJ4,
Tehan1968,210911,
Tehan1916,K8D,
Templeman1963,181810,
Theodore1884,KVS,
Theophanous1946,QJ4,
Thistlethwaite1972,182468,
Thomas1936,K8H,
Thomas1863,K8L,
Thompson1886,KVT,
Thompson1960,84C,
Thompson1988,281826,
Thompson1885,KVU,
Thompson1863,K8P,
Thomson1961,FB6,
Thomson1964,HVZ,
Thomson1856,KVW,
Thomson1924,KVY,
Thomson1848,KW6,
Thomson1862,KW8,
Thomson1955,UK6,
Thorburn1930,KWA,
Thorby1888,KWC,
Thorp1953,183342,
Thwaites1980,282212,
Ticehurst1945,00ANF,
Tickner1951,RJ4,
Tierney1946,O15,
Tillem1974,249499,
Timson1909,KWE,
Tollner1966,00AN4,
Toohey1909,K8N,
Townley1907,KWH,
Townley1934,K8R,
Treloar1892,KWJ,
Trenwith1846,K8T,
Trevor1961,HVU,
Troeth1940,GX5,
Trood1948,E6A,
Truss1948,GT4,
Tuckey1935,SJ4,
Tudge1971,M2Y,
Tudor1866,KWL,
Tully1877,KWN,
Turley1859,K8W,
Turnbull1954,885,
Turnbull1908,K8Y,
Turnbull1899,KWP,
Turner1851,KWT,
Turner1905,KWR,
Turnour1966,HVV,
Uppill1876,K9I,
Uren1921,EE4,
Urquhart1957,231199,
Vaile1956,SU5,
Vale1944,VK6,
Vallentine1946,IG4,
Vamvakinou1959,00AMT,
Van,283601,
vanManen1965,188315,
Vanstone1952,7E4,
Vardon1866,K9P,
Vardon1843,K9T,
Varvaris1974,250077,
Vasta1966,E0D,
Verran1856,K9Y,
Vigor1939,KA8,
Vincent1906,KAC,
Viner1933,EE6,
Wade1905,KAF,
Wakelin1946,HV5,
Walker1942,9T4,
Walker1841,KAH,
Wallace1968,265967,
Wallace1881,KWX,
Wallis1922,KWZ,
Walsh1971,252157,
Walsh1935,TJ4,
Walters1925,UJ4,
Wang1981,250045,
Ward1899,KX7,
Ward1872,KAJ,
Wardlaw1888,KAL,
Washer1945,84F,
Waters1977,192970,
Watkins1865,KX9,
Watkins1896,KXB,
Watson1870,070E,
Watson1945,KAO,
Watson1867,F4R,
Watson1937,VJ4,
Watson1864,KXD,
Watt1973,245759,
Watt1871,KXG,
Watts1982,193430,
Webb1908,KXI,
Webber1965,00AOT,
Webster1934,WJ4,
Webster,281688,
Webster1925,KAS,
Webster1860,KXK,
Wedgwood1896,KAW,
Wells,264121,
Wells1949,1B6,
Wentworth1907,DB6,
West1952,XK6,
West1852,KZA,
West1934,XJ4,
West1947,1X4,
Whan1933,KZI,
Wheeldon1929,CJO,
Wheeler1909,KZP,
Wheelwright1953,RC6,
WhishWilson1968,195565,
White1936,YJ4,
White1888,KZR,
Whiteley1960,207800,
Whiteside1902,KAZ,
Whitlam1944,KZY,
Whitlam1916,6U4,
Whitsitt1869,L0L,
Whittorn1911,L0N,
Wicks1973,241590,
Wienholt1877,L0Q,
Wight1914,L0V,
Wilkie1961,C2T,
Wilkie1959,84G,
Wilkinson1854,L0Y,
Wilkinson1903,KB9,
Wilks1863,L17,
Willesee1916,KBC,
Williams1942,7V5,
Williams1955,I0V,
Williams1973,249758,
Williams1897,L1A,
Willis1860,L1D,
Willis1938,ZJ4,
Wilson1880,L1L,
Wilson1932,0K4,
Wilson1863,L1N,
Wilson1972,265970,
Wilson1900,KBH,
Wilson1877,KBJ,
Wilson1966,198084,
Wilson1980,IMW,
Wilton1955,YK6,
Windsor1950,009LP,
Wise1853,L1P,
Withers1924,DV4,
Wong1968,00AOU,
Wood1901,KBL,
Wood1968,E0F,
Wood1949,KBS,
Woodley1938,HX5,
WoodsHarry1947,0U4,
WoodsRobert1947,1K4,
Wooldridge1956,8E4,
Wordsworth1894,KBU,
Worth1946,8V5,
Wortley1959,E6C,
Wriedt1927,ISW,
Wright1942,2K4,
Wright1961,200287,
Wright1905,KBW,
Wyatt1952,M3A,
Wynne1850,L1R,
Xenophon1959,8IV,
Yates1871,L1T,
Yates1921,L1V,
Young1923,KBY,
Young1936,EV4,
Young1968,201906,
Zahra1973,84H,
Zakharov1929,FE4,
Zammit1941,ZK6,
Zappia1952,HWB,
Zeal1830,KC7,
Zimmerman1968,203092,